
INSERT INTO Museum (ID_Museum, Title, Address, Opening_hours) VALUES
(1, 'Эрмитаж', 'Дворцовая площадь, 2', '09:00:00'),
(2, 'Русский музей', 'Инженерная улица, 4', '10:00:00'),
(3, 'Третьяковская галерея', 'Лаврушинский переулок, 10', '10:00:00'),
(4, 'Музей современного искусства Гараж', 'Крымский Вал, 9', '11:00:00'),
(5, 'Музей Фаберже', 'Набережная реки Фонтанки, 21', '10:00:00'),
(6, 'Зоологический музей', 'Университетская набережная, 1', '11:00:00'),
(7, 'Кунсткамера', 'Университетская набережная, 3', '10:00:00'),
(8, 'Центральный военно-морской музей', 'Площадь Труда, 5', '11:00:00'),
(9, 'Музей Арктики и Антарктики', 'Улица Марата, 24А', '10:00:00'),
(10, 'Музей истории религии', 'Почтамтская улица, 14/5', '10:00:00'),
(11, 'Музей обороны Ленинграда', 'Соляной переулок, 9', '10:00:00'),
(12, 'Музей хлеба', 'Лиговский проспект, 73', '10:00:00'),
(13, 'Музей кукол', 'Камская улица, 8', '10:00:00'),
(14, 'Гранд Макет Россия', 'Цветочная улица, 16', '10:00:00'),
(15, 'Планетарий №1', 'Набережная Обводного канала, 74', '10:00:00');

INSERT INTO Pavilion (ID_Pavilion, ID_Museum, Floor, Number) VALUES
(1, 1, 1, 101),
(2, 1, 1, 102),
(3, 1, 2, 201),
(4, 2, 1, 101),
(5, 2, 2, 202),
(6, 3, 1, 101),
(7, 3, 2, 201),
(8, 4, 1, 101),
(9, 4, 1, 102),
(10, 5, 1, 101),
(11, 5, 2, 201),
(12, 6, 1, 101),
(13, 7, 1, 101),
(14, 8, 1, 101),
(15, 9, 1, 101);

INSERT INTO Exhibit (ID_Exhibit, ID_Pavilion, Country, Title) VALUES
(1, 1, 'Италия', 'Джоконда'),
(2, 1, 'Италия', 'Венера Милосская'),
(3, 2, 'Греция', 'Аполлон Бельведерский'),
(4, 2, 'Греция', 'Ника Самофракийская'),
(5, 3, 'Россия', 'Черный квадрат'),
(6, 3, 'Россия', 'Девятый вал'),
(7, 4, 'Россия', 'Богатыри'),
(8, 4, 'Россия', 'Утро стрелецкой казни'),
(9, 5, 'Россия', 'Яйцо "Коронационное"'),
(10, 5, 'Россия', 'Яйцо "Ландыши"'),
(11, 6, 'Россия', 'Скелет мамонта'),
(12, 7, 'Египет', 'Мумия фараона'),
(13, 8, 'Россия', 'Ботик Петра I'),
(14, 9, 'Россия', 'Карта Антарктиды'),
(15, 10, 'Израиль', 'Свиток Торы');

INSERT INTO Visitor (ID_Visitor, Name, Phone, Category) VALUES
(1, 'Иван Иванов', 1234567890, 'Взрослый'),
(2, 'Петр Петров', 9876543210, 'Студент'),
(3, 'Мария Сидорова', 5551234567, 'Пенсионер'),
(4, 'Анна Смирнова', 1112223333, 'Школьник'),
(5, 'Дмитрий Козлов', 4445556666, 'Взрослый'),
(6, 'Елена Морозова', 7778889999, 'Студент'),
(7, 'Сергей Васильев', 2223334444, 'Пенсионер'),
(8, 'Ольга Павлова', 6667778888, 'Школьник'),
(9, 'Андрей Николаев', 3334445555, 'Взрослый'),
(10, 'Наталья Федорова', 8889990000, 'Студент'),
(11, 'Алексей Кузнецов', 9990001111, 'Пенсионер'),
(12, 'Татьяна Попова', 1112224444, 'Школьник'),
(13, 'Михаил Соколов', 5556667777, 'Взрослый'),
(14, 'Светлана Волкова', 2223335555, 'Студент'),
(15, 'Роман Егоров', 6667779999, 'Пенсионер');

INSERT INTO Ticket (ID_Ticket, ID_Pavilion, ID_Visitor, price) VALUES
(1, 1, 1, 500),
(2, 1, 2, 300),
(3, 2, 3, 200),
(4, 2, 4, 100),
(5, 3, 5, 500),
(6, 3, 6, 300),
(7, 4, 7, 200),
(8, 4, 8, 100),
(9, 5, 9, 500),
(10, 5, 10, 300),
(11, 6, 11, 200),
(12, 6, 12, 100),
(13, 7, 13, 500),
(14, 7, 14, 300),
(15, 8, 15, 200),
(16, 1, 3, 500),
(17, 2, 5, 300),
(18, 3, 7, 200),
(19, 4, 9, 100),
(20, 5, 11, 500),
(21, 6, 13, 300),
(22, 7, 15, 200),
(23, 8, 2, 100),
(24, 9, 4, 500),
(25, 10, 6, 300),
(26, 11, 8, 200),
(27, 12, 10, 100),
(28, 13, 12, 500),
(29, 14, 14, 300),
(30, 15, 1, 200),
(31, 1, 5, 100),
(32, 2, 7, 500),
(33, 3, 9, 300);

INSERT INTO Guided_tours (ID_Guided_tours, ID_Pavilion, Name, Middle_name) VALUES
(1, 1, 'Ирина', 'Сергеевна'),
(2, 1, 'Ольга', 'Ивановна'),
(3, 2, 'Светлана', 'Петровна'),
(4, 2, 'Елена', 'Дмитриевна'),
(5, 3, 'Наталья', 'Андреевна'),
(6, 3, 'Мария', 'Алексеевна'),
(7, 4, 'Анна', 'Сергеевна'),
(8, 4, 'Татьяна', 'Игоревна'),
(9, 5, 'Юлия', 'Михайловна'),
(10, 5, 'Екатерина', 'Владимировна'),
(11, 6, 'Анастасия', 'Олеговна'),
(12, 7, 'Кристина', 'Павловна'),
(13, 8, 'Виктория', 'Романовна'),
(14, 9, 'Валерия', 'Артемовна'),
(15, 10, 'Полина', 'Константиновна');

INSERT INTO Visitor_history (ID_history, ID_Visitor, Phone, Category, Date) VALUES
(1, 1, 1234567890, 'Взрослый', '2024-01-15'),
(2, 2, 9876543210, 'Студент', '2024-02-20'),
(3, 3, 5551234567, 'Пенсионер', '2024-03-10'),
(4, 4, 1112223333, 'Школьник', '2024-04-05'),
(5, 5, 4445556666, 'Взрослый', '2024-05-01'),
(6, 6, 7778889999, 'Студент', '2024-06-12'),
(7, 7, 2223334444, 'Пенсионер', '2024-07-18'),
(8, 8, 6667778888, 'Школьник', '2024-08-24'),
(9, 9, 3334445555, 'Взрослый', '2024-09-30'),
(10, 10, 8889990000, 'Студент', '2024-10-06'),
(11, 11, 9990001111, 'Пенсионер', '2024-11-11'),
(12, 12, 1112224444, 'Школьник', '2024-12-17'),
(13, 13, 5556667777, 'Взрослый', '2025-01-22'),
(14, 14, 2223335555, 'Студент', '2025-02-28'),
(15, 15, 6667779999, 'Пенсионер', '2025-03-05'),
(16, 1, 1234567890, 'Взрослый', '2025-03-06'),
(17, 2, 9876543210, 'Студент', '2025-03-07'),
(18, 3, 5551234567, 'Пенсионер', '2025-03-08'),
(19, 4, 1112223333, 'Школьник', '2025-03-09'),
(20, 5, 4445556666, 'Взрослый', '2025-03-10'),
(21, 6, 7778889999, 'Студент', '2025-03-11'),
(22, 7, 2223334444, 'Пенсионер', '2025-03-12'),
(23, 8, 6667778888, 'Школьник', '2025-03-13'),
(24, 9, 3334445555, 'Взрослый', '2025-03-14'),
(25, 10, 8889990000, 'Студент', '2025-03-15'),
(26, 11, 9990001111, 'Пенсионер', '2025-03-16'),
(27, 12, 1112224444, 'Школьник', '2025-03-17'),
(28, 13, 5556667777, 'Взрослый', '2025-03-18'),
(29, 14, 2223335555, 'Студент', '2025-03-19'),
(30, 15, 6667779999, 'Пенсионер', '2025-03-20');
